year,APRNs,NPs,RNs,low_95_APRNs,low_95_NPs,low_95_RNs,high_95_APRNs,high_95_NPs,high_95_RNs
2018,8.152999999999999,9.133999999999999,11.263000000000002,7.708553437014751,8.591668741568574,10.545451551089762,8.549426051615965,9.641131070248377,11.93524251526083
2022,14.560999999999998,16.421,20.575000000000003,14.23820272171714,15.975205800180886,19.91815148670222,14.847651722791982,16.83269578579076,21.185561539233994
